,Name,Prices/night,Description,Reviews
0,Apartment in New Delhi,$71Â night,CP 24/7 Security - Charm - Terrace,4.75 (174)
1,Room in Greater Kailash I,$35Â night,"Elegant, centrally-located South Delhi apt Room 1",4.95 (129)
2,Apartment in New Delhi,$17Â night,Studio located in the SAFEST part of town.,4.89 (116)
3,Apartment in Hauz Khas,$66Â night,Harphool Nivas 1 @Hauz Khas Village,4.75 (138)
4,Condo in Hauz Khas,$60Â night,Apnalaya-Entire luxurious apartment in South Delhi,4.85 (142)
5,Room in New Delhi,$53Â night,sanjay puris room  two,4.87 (69)
6,Apartment in New Delhi,$60Â $48Â night,Cozy 2 bedroom Apartment,New
7,Room in Greater Kailash I,$38Â night,South Delhi Home with Beautiful Terrace: 1,4.88 (204)
8,Apartment in Hauz Khas,$113Â night,Cosy Forest view apartment,4.91 (23)
9,Room in Pahar Ganj,$31Â night,Anuraag's PurnTosh Woods,4.88 (26)
10,Condo in Nizamuddin,$36Â night,2 Bedroom Apartment in Central Delhi,4.68 (88)
11,Apartment in Mahipal Pur,$36Â night,Modern 2 Bedroom Apartment for Perfect Stay,4.94 (49)
12,Condo in Nizamuddin,$35Â night,Living by the Greens (First Floor),4.49 (248)
13,Guesthouse in Hauz Khas,$48Â night,Studio Apartment 2 - Stay with Manica,4.73 (63)
14,Room in New Delhi,$24Â night,Green Hut___a Rooftop garden.,4.84 (61)
15,Apartment in Rohini,$32Â night,Boutique Indian Apartment on First (Upper) Floor,4.93 (120)
16,Guest suite in Greater Kailash I,$22Â night,room with private entrance in New Delhi GK1 + GYM,5.0 (6)
17,Room in Nizamuddin,$36Â night,"The Rouge Room: Bright,cosy & clean",4.89 (112)
18,Guesthouse in New Delhi,$12Â night,Vasant Kunj - A ROOM WITH A  VIEW ! and WHOLE ROOF,4.8 (71)
19,Room in New Delhi,$53Â night,sanjay puris room  two,4.87 (69)
20,Apartment in New Delhi,$11Â night,Cozy Cute Love Nest in South Delhi,4.92 (25)
21,Apartment in New Delhi,$48Â night,"Moroccan charm studio,Balcony+view",New
22,Apartment in New Delhi,$66Â night,Harphool Nivas 1 @Hauz Khas Village,4.75 (138)
23,Condo in New Delhi,$66Â night,Apnalaya - Luxurious apartment in South Delhi,4.8 (75)
24,Room in New Delhi,$53Â night,sanjay puris room  one,4.82 (94)
25,Apartment in Gurugram,$35Â night,Stylish 1 BHK Serviced Apartment Near Cyber Hub,4.96 (259)
26,Vacation home in New Delhi,$90Â night,Santorini 2 with couple jaccuzi,4.66 (76)
27,Condo in New Delhi,$59Â night,BluO Classic Studio in Green Park,4.89 (61)
28,Room in New Delhi,$26Â night,Anuraag's PurnTosh Air,4.85 (20)
29,Place to stay in New Delhi,$11Â night,TRTL@JungleMeiMangal,4.63 (35)
30,Hotel room in New Delhi,$18Â night,"Private Room near New Delhi Stn ,VFS & City Centre",4.6 (310)
31,Room in New Delhi,$60Â night,Oasis B&B Central Delhi,4.85 (79)
32,Apartment in New Delhi,$38Â night,Paradiso in Heritage Colony - Studio Apartment,4.54 (52)
33,Apartment in New Delhi,$144Â night,3bdrm in GK2 airport pickup incl for 3+ night stay,4.96 (136)
34,Condo in New Delhi,$36Â $32Â night,Cozy Apartment in South Delhi- Prime Location,4.74 (57)
35,Place to stay in New Delhi,$13Â night,MOHANS-HOME AWAY FROM HOME,4.86 (44)
36,Condo in New Delhi,$59Â night,BluO Classic Studio in Green Park,4.89 (61)
37,Room in New Delhi,$21Â night,Ficus - a cosy terrace room with open space,4.95 (55)
38,Apartment in New Delhi,$96Â night,Affordable Luxury South Delhi 4 Bedroom Apartment,4.76 (188)
39,Condo in New Delhi,$83Â night,Luxe 301 | 3BHK | Pvt Parking,New
40,Home in New Delhi,$112Â $101Â night,"JACUZZI, STUNNING1BR ,TERRACE, LOCATION â¤ï¸ğŸŒˆğŸ¦®",4.92 (249)
41,Room in New Delhi,$60Â night,Oasis B&B Central Delhi,4.85 (79)
42,Room in Delhi,$24Â night,The silence in the city (free Wi-Fi),4.74 (105)
43,Apartment in New Delhi,$31Â night,Isolated private room studio in new Delhi,4.87 (145)
44,Room in New Delhi,$35Â night,"Elegant, centrally-located South Delhi apt Room 2",4.91 (107)
45,Room in New Delhi,$40Â night,"Large, Safe BD,5 min Metro, Free  WiFi #2",4.98 (135)
46,Condo in New Delhi,$46Â night,Bully and pams home,4.92 (105)
47,Apartment in New Delhi,$38Â night,Paradiso in Heritage Colony - Studio Apartment,4.54 (52)
48,Tiny home in New Delhi,$19Â night,Sunrise homes 2,4.73 (45)
49,Hotel room in New Delhi,$17Â $13Â night,Standard AC Room with External Adjacent Bathroom,4.75 (16)
50,Apartment in New Delhi,$85Â night,The Royal Charm 27 Residensia,4.88 (72)
51,Apartment in New Delhi,$28Â night,"2BHK Classy family friendly apartment, no parking",4.5 (10)
52,Apartment in New Delhi,$90Â night,Nirvana with jacuzzi,4.66 (151)
53,Bed and breakfast in New Delhi,$26Â night,Gracious by Vishesh Hotels & Home Stay Listing 3,4.56 (149)
54,Apartment in New Delhi,$54Â night,Harphool Nivas @ Hauz Khas Village,4.69 (26)
55,Room in New Delhi,$38Â night,Anuraag's PurnTosh Elements,4.85 (34)
56,Place to stay in New Delhi,$100Â night,The Barn - Classic,4.91 (70)
57,Home in New Delhi,$18Â night,"Terrace apt,wifi,delhi,airport",4.68 (28)
58,Apartment in New Delhi,$52Â night,Heritage Apt 2@ Hauz Khas Village,4.87 (313)
59,Condo in New Delhi,$195Â night,Onnyx Rooftop Luxury Apartment Villa - Jacuzzi,5.0 (3)
60,Apartment in Noida,$54Â night,The WhiteRock - 41st Floor River view,4.94 (16)
61,Apartment in New Delhi,$78Â night,Sunshine and Rainbows,4.9 (70)
62,Home in New Delhi,$143Â night,Indoor Pool & Jaccuzi -No Party,5.0 (74)
63,Condo in New Delhi,$30Â night,"Studio in New Delhi, Greater Kailash -Lotus temple",4.89 (94)
64,Apartment in New Delhi,$83Â night,â˜…Sanitized â˜… Lift â˜…TOP Floor â˜…Safeâ˜…2 min Metro,4.76 (241)
65,Room in New Delhi,$42Â night,Studio Apartment I- Stay with Manica,4.84 (225)
66,Condo in New Delhi,$39Â night,Living By The Greens (Ground Floor),4.46 (160)
67,Loft in New Delhi,$42Â night,Terrace Room wt Gazebo @ Green Park Hauz Khaz Vill,4.81 (386)
68,Room in Delhi,$24Â night,The silence in the city (free Wi-Fi),4.74 (105)
69,Apartment in New Delhi,$62Â night,CP  - Charm - Garden 24/7 Security,4.48 (170)
70,Apartment in New Delhi,$38Â night,Boutique Cozy Chic Studio @ Hauz Khas Village,4.78 (149)
71,Apartment in New Delhi,$42Â night,Tasteful Upscale Apartment with Quality Furnishing,4.92 (106)
72,Apartment in New Delhi,$78Â night,Sunshine and Rainbows,4.9 (70)
73,Apartment in New Delhi,$96Â night,Affordable Luxury South Delhi 4 Bedroom Apartment,4.76 (188)
74,Room in New Delhi,$38Â night,Anuraag's PurnTosh Elements,4.85 (34)
75,Room in Delhi,$12Â night,Space,4.87 (83)
76,Room in New Delhi,$40Â night,"Large, Safe BD, 5 min Metro, Free  WiFi #1",4.98 (181)
77,Condo in New Delhi,$66Â night,Flower nest apartment,4.86 (72)
78,Room in New Delhi,$19Â night,Your own little space : ),4.87 (89)
79,Condo in New Delhi,$42Â night,Monuments View - The Best,4.51 (200)
80,Apartment in New Delhi,$52Â night,Heritage Apt 2@ Hauz Khas Village,4.87 (313)
81,Condo in New Delhi,$69Â night,2 bedroom designer home in GK1,4.87 (203)
82,Apartment in New Delhi,$120Â night,Vaara Penthouse,4.45 (11)
83,Room in New Delhi,$19Â night,Your hideout : ),4.92 (37)
84,Condo in New Delhi,$30Â night,"Studio in New Delhi, Greater Kailash -Lotus temple",4.89 (94)
85,Apartment in New Delhi,$28Â night,"2BHK Classy family friendly apartment, no parking",4.5 (10)
86,Room in New Delhi,$18Â $15Â night,"Pvt Room, Safe location , Free WIFI, 2 mins Metro",4.89 (112)
87,Apartment in New Delhi,$60Â night,Jimmy Homes - New Delhi,4.89 (246)
88,Condo in New Delhi,$27Â night,"Khabghar, 1RK studio with balcony",4.88 (42)
89,Apartment in New Delhi,$79Â night,Diwan-E-Khas (3),New
90,Condo in New Delhi,$36Â $32Â night,Studio Apartment,4.67 (9)
91,Room in New Delhi,$14Â night,Family Homestay in Sarita Vihar !,4.84 (82)
92,Apartment in New Delhi,$83Â night,â˜…Sanitized â˜… Lift â˜…TOP Floor â˜…Safeâ˜…2 min Metro,4.76 (241)
93,Apartment in New Delhi,$100Â night,"27 residensia , 1800 sqft apartment",4.87 (94)
94,Apartment in New Delhi,$78Â night,Sunshine and Rainbows,4.9 (70)
95,Boutique hotel in Shahabad Muhammadpur,$16Â night,PrivateRoom with International Airport View,4.76 (410)
96,Room in New Delhi,$20Â night,Pleasant & Peaceful Stay in New Delhi.,4.89 (102)
97,Place to stay in New Delhi,$27Â $24Â night,Monuments View - Hauz Khas Village 2,4.67 (27)
98,Room in New Delhi,$29Â night,Home away from Home!,4.78 (212)
99,Place to stay in New Delhi,$54Â night,Rooftop@ HKV,4.62 (242)
100,Room in New Delhi,$30Â night,Your Homey Corner in Our Place.,4.75 (4)
101,Apartment in New Delhi,$42Â night,Tasteful Upscale Apartment with Quality Furnishing,4.92 (106)
102,Room in New Delhi,$23Â night,Comfortable quiet stay,4.64 (25)
103,Apartment in New Delhi,$88Â night,"Quiet, Green Artist Apartment in Central Location",4.88 (74)
104,Apartment in New Delhi,$72Â night,Maharaja Manor -Hidden Gem Delhi,4.75 (12)
105,Room in New Delhi,$20Â night,Near Railway Station-Pragati Maidan-akshardham,5.0 (17)
106,Room in New Delhi,$15Â night,"Amazing,charming room, in  the heart of New Delhi.",4.96 (56)
107,Apartment in New Delhi,$48Â night,Central Delhi Inn,5.0 (21)
108,Apartment in Hauz Khas,$45Â night,Hauz Khas Retreat T2,5.0 (13)
109,Room in Defence Colony,$30Â night,Your Homey Corner in Our Place.,4.75 (4)
110,Room in Hauz Khas,$23Â night,Comfortable quiet stay,4.64 (25)
111,Apartment in Greater Kailash I,$88Â night,"Quiet, Green Artist Apartment in Central Location",4.88 (74)
112,Apartment in Hauz Khas,$72Â night,Maharaja Manor -Hidden Gem Delhi,4.75 (12)
113,Room in Preet Vihar,$20Â night,Near Railway Station-Pragati Maidan-akshardham,5.0 (17)
114,Room in New Delhi,$15Â night,"Amazing,charming room, in  the heart of New Delhi.",4.96 (56)
115,Home in Malviya Nagar,$114Â night,Luxury Peacefull & Comfortable,New
116,Apartment in New Delhi,$48Â night,Central Delhi Inn,5.0 (21)
117,Room in Greater Kailash II,$28Â night,"StrawberryFields:double bed, gk2",5.0 (12)
118,Apartment in Hauz Khas,$33Â night,Boutique Comfy Apt,4.91 (11)
119,Apartment in Greater Kailash I,$54Â night,A park facing bedroom with a lovely view in GK 1,4.93 (28)
120,Apartment in Tagore Garden,$30Â night,Paradise GardenVu Studio Apt Janakpuri Wi-fi Metro,5.0 (4)
121,Condo in Greater Kailash I,$54Â night,GK1 Delhi 1st Floor 3BHK Modern Apt.,4.91 (11)
122,Condo in New Delhi,$28Â night,Elegant Studio Apartment in Central Delhi,4.97 (65)
123,Room in Preet Vihar,$32Â night,Art Studio,4.95 (130)
124,Room in Greater Kailash II,$33Â night,For the Love of Home,4.62 (13)
125,Home in Mahipal Pur,$18Â night,"Terrace apt,wifi,delhi,airport",4.68 (28)
126,Condo in Hauz Khas,$51Â night,Blue Sky  1 Bedroom Apartment with a fort view,4.88 (72)
127,Room in New Delhi,$80Â night,Room No.2 with Private Patio and fast wifi,4.92 (48)
128,Vacation home in Hauz Khas,$120Â night,Santorini 4 with Jaccuzi,4.74 (62)
129,Condo in Delhi Cantt,$86Â night,Luxury Flat w Lounge+Office@AnandNiketan nr Airprt,4.87 (39)
130,Room in Defence Colony,$32Â night,1 bedroom with ensuite bathroom;Safe and posh area,4.83 (125)
131,Place to stay in Defence Colony,$13Â night,MOHANS-HOME AWAY FROM HOME,4.86 (44)
132,Apartment in Greater Kailash I,$70Â night,BluO Studio - M Block Mkt @ Greater Kailash,4.83 (48)
133,Condo in Hauz Khas,$69Â night,Affordable South Delhi Apartment,4.9 (10)
134,Condo in Greater Kailash I,$36Â night,Cosy room in new delhi with gym and kitchen,4.91 (193)
135,Room in New Delhi,$19Â night,Your own little space : ),4.87 (89)
136,Apartment in Greater Kailash II,$144Â $115Â night,Chirping Birds Nest,New
137,Condo in Defence Colony,$38Â night,Premium Apartment in the heart of South Delhi,4.79 (47)
138,Apartment in Saket,$46Â night,Bliss Studio,4.84 (19)
139,Room in Defence Colony,$27Â night,Private room #3 in a classy apartment @ DefCol,4.89 (38)
140,Room in Greater Kailash I,$36Â night,Erica's Place 2 - Spacious room in South Delhi,4.91 (124)
141,Room in Defence Colony,$24Â night,Private room #2 in a classy apartment @DefCol,4.96 (48)
142,Room in Malviya Nagar,$26Â night,Lovely bedroom - private entrance & terrace,4.86 (83)
143,Apartment in Mahipal Pur,$54Â night,Home away frm home Nr Intâ€™l Airport-rooftop garden,4.94 (31)
144,Apartment in New Delhi,$11Â night,Amma's Place,4.8 (59)
145,Home in New Delhi,$100Â night,"2BRBrandNEW,Chique,Soulful,Parkfacing,LIFTâ¤ï¸ğŸŒˆ",4.89 (82)
146,Apartment in Delhi,$29Â night,Penthouse Serenity,4.86 (7)
147,Guesthouse in New Delhi,$51Â $43Â night,Mystique abode,5.0 (4)
148,Apartment in New Delhi,$56Â night,Quaint Penthouse - spread on 2700 sq ft,4.79 (133)
149,Apartment in New Delhi,$43Â night,Enbliss: Ground Floor in a bungalow in South Delhi,4.61 (74)
150,Home in New Delhi,$19Â night,Private Apartment in front of metro station,4.89 (46)
151,Home in New Delhi,$270Â night,The Kingdom - Exquisite House in South Delhi,4.4 (5)
152,Room in New Delhi,$25Â night,Nice room for two in South Delhi,4.89 (39)
153,Condo in New Delhi,$47Â night,Beautiful Central Delhi House,4.68 (25)
154,Apartment in New Delhi,$31Â $27Â night,Fully furnished 1BHK,4.72 (39)
155,Condo in New Delhi,$50Â night,Luxurious 2 bedroom apartment in south delhi,4.86 (65)
156,Apartment in New Delhi,$31Â night,Isolated private room studio in new Delhi,4.87 (145)
157,Apartment in New Delhi,$45Â night,Studio 37 HKV with private terrace access,4.82 (94)
158,Home in New Delhi,$14Â night,Sweet One Bed Room Set,5.0 (11)
159,Apartment in Delhi,$47Â night,Rooftop apartment (North Delhi),5.0 (9)
160,Condo in New Delhi,$40Â night,Couple-Friendly Studio Apartment in Jangpura Extn,4.86 (95)
161,Room in New Delhi,$30Â night,Your Homey Corner in Our Place.,4.75 (4)
162,Home in Mayur Vihar,$19Â night,Amma's residency. Entry from Gate no. 2,4.4 (62)
163,Room in Defence Colony,$18Â night,Non Ac Private & Pleasing Room in Posh South Delhi,4.97 (120)
164,Room in New Delhi,$30Â night,Newly renovated peaceful homely stay,4.81 (93)
165,Room in Defence Colony,$36Â night,Mezzanine,4.78 (116)
166,Room in New Delhi,$24Â night,Private Room 3 located in SAFEST part of Delhi.,4.85 (20)
167,Condo in New Delhi,$120Â night,Cozy & Comfy 3 bedroom apt in Hauz khas,4.96 (89)
168,Room in New Delhi,$32Â night,Super Luxury Suite Room Near C.P. / India Gate,4.34 (56)
169,Apartment in Saket,$107Â night,Cosy Two Bedroom Apartment-2 min walk from metro,4.9 (114)
170,Shared room in Pahar Ganj,$10Â night,Zostel Delhi | Bed in 6 Bed Mixed Dorm,4.62 (37)
171,Room in Greater Kailash I,$33Â night,"The Gill Residence Pvt Room in GK1, South Delhi",4.98 (84)
172,Room in Greater Kailash I,$42Â night,A Haven in Hauz Khas,4.88 (17)
173,Condo in Pahar Ganj,$57Â night,"2 bhk apt- UGfloor,1st,2nd,3rd available for rent.",4.78 (145)
174,Room in Hauz Khas,$78Â night,Haveli  - Large room in Art & Book filled mansion!,4.95 (39)
175,Apartment in New Delhi,$29Â night,DREAMERS NEST,4.85 (27)
176,Room in Hauz Khas,$28Â night,Puru boutique house,4.88 (34)
177,Place to stay in Defence Colony,$17Â night,Private Ensuite South Delhi with Indian Breakfast,4.61 (28)
178,Farm stay in Saket,$300Â $269Â night,Tranquility Sainik Farms | Pool,4.92 (12)
179,Hostel in Pahar Ganj,$42Â night,Zostel Delhi | Deluxe Private Room,4.45 (11)
180,Room in New Delhi,$78Â night,Haveli  - Large room in Art & Book filled mansion!,4.95 (39)
181,Apartment in New Delhi,$29Â night,DREAMERS NEST,4.85 (27)
182,Room in New Delhi,$28Â night,Puru boutique house,4.88 (34)
183,Place to stay in New Delhi,$17Â night,Private Ensuite South Delhi with Indian Breakfast,4.61 (28)
184,Room in New Delhi,$19Â night,Your hideout : ),4.92 (37)
185,Room in New Delhi,$29Â night,"A Cozy Room in Defence Colony, New Delhi.",4.82 (11)
186,Home in New Delhi,$59Â night,3bed 3bath|Prime Location|Airport-20min|SouthDelhi,4.62 (121)
187,Room in Delhi,$26Â night,"Huge room with Balcony, 5min walk from metro",4.87 (39)
188,Apartment in New Delhi,$56Â night,Spacious & Well ventilated home,5.0 (4)
189,Room in Noida,$18Â night,HomeStay Premium for Professionals,4.98 (112)
190,Condo in New Delhi,$25Â night,THE VIBE- Studio apartment in Lush Green Society,4.6 (86)
191,Tiny home in New Delhi,$24Â night,A Tiny House in New Delhi,4.76 (119)
192,Room in New Delhi,$53Â night,2 Private Bedrooms with Breakfast in South Delhi,4.97 (32)
193,Apartment in New Delhi,$115Â $103Â night,Luxury Serviced Apartment.,5.0 (9)
194,Home in New Delhi,$270Â night,The Kingdom - Exquisite House in South Delhi,4.4 (5)
195,Apartment in New Delhi,$65Â night,"BluO 1BHK Defence Colony Market - Lift, Balcony.",4.59 (27)
196,Home in New Delhi,$19Â night,Private Apartment in front of metro station,4.89 (46)
197,Apartment in Delhi,$29Â night,Terrace Garden Room - Stay/Houseparty,4.72 (138)
198,Apartment in New Delhi,$29Â night,DREAMERS NEST,4.85 (27)
199,Room in New Delhi,$22Â night,Grand Sunset Condos - III,4.82 (192)
200,Apartment in New Delhi,$56Â night,Prism Pristine| Penthouse 1BHK+Posh South Delhi,New
201,Condo in New Delhi,$155Â night,Modern - Navjeevan Vihar Home,4.97 (62)
202,Apartment in New Delhi,$18Â night,Independent AC Pad w/Bath & Kitchen | GF,4.85 (67)
203,Room in New Delhi,$28Â night,Puru boutique house,4.88 (34)
204,Apartment in New Delhi,$16Â night,1 BHK furnished AC/Hi speed Wi-Fi/washing machine.,5.0 (3)
205,Apartment in New Delhi,$53Â night,Lavish Independent Basement Studio South Delhi GK1,4.86 (105)
206,Apartment in New Delhi,$45Â night,Studio 37 HKV with private terrace access,4.82 (94)
207,Room in Delhi,$12Â night,Fully equipped ultra Clean house,4.84 (32)
208,Condo in New Delhi,$53Â night,"Apartment 2BR in New Delhi,Super Hygienic,Soulful",4.85 (20)
209,Apartment in Delhi,$87Â night,Chidiya Ghar,4.71 (21)
210,Room in New Delhi,$19Â night,Your own little space : ),4.87 (89)
211,Condo in New Delhi,$43Â night,"2 Bedroom Apartment, Living Room,Kitchen & Terrace",4.85 (39)
212,Room in New Delhi,$18Â night,Art Nest! (B'Fast+Books+AC+Wi-Fi),4.81 (167)
213,Room in New Delhi,$29Â night,Luxury Suite Room Near C.P./ India Gate,4.58 (19)
214,Room in New Delhi,$26Â night,Lovely bedroom - private entrance & terrace,4.86 (83)
215,Room in South-West Delhi,$62Â night,2 Ensuite Luxury Rooms in Vasant Kunj,4.67 (6)
216,Home in New Delhi,$143Â night,Indoor Pool & Jaccuzi -No Party,5.0 (74)
217,Condo in New Delhi,$167Â night,Homlee - Pentagon 3 bhk super luxury flat in Saket,4.95 (21)
218,Apartment in New Delhi,$10Â $9Â night,R1 South DelhiAC pvt room+Bath+Kitchen+2minToMetro,4.47 (131)
219,Condo in New Delhi,$110Â night,Luxurious Private Penthouse with Terrace Garden,4.94 (17)
220,Hotel in New Delhi,$30Â night,Private EnSuite In Pahar Ganj For Family 4Pax,4.71 (7)
221,Room in New Delhi,$23Â night,Sunrise View BedRoom*Pvt Bath/Balcony*City Centre,4.42 (239)
222,Apartment in New Delhi,$18Â night,Independent AC Pad w/Bath & Kitchen | GF,4.85 (67)
223,Room in New Delhi,$18Â night,"Private Room near New Delhi Stn ,City Centre & VFS",4.52 (132)
224,Apartment in New Delhi,$45Â night,Studio 37 HKV with private terrace access,4.82 (94)
225,Apartment in New Delhi,$29Â night,Apartment for day-dreamers,4.84 (70)
226,Room in New Delhi,$12Â night,Be there!,4.32 (19)
227,Room in New Delhi,$25Â night,Nice room for two in South Delhi,4.89 (39)
228,Room in New Delhi,$20Â night,Near Railway Station-pragati Maidan- akshardham,4.81 (36)
229,Room in New Delhi,$26Â night,Gracious by Vishesh Hotels & Home Stay Listing-7,4.75 (16)
230,Guesthouse in New Delhi,$51Â $43Â night,Mystique abode,5.0 (4)
231,Apartment in New Delhi,$220Â night,Modern - Hauz Khas Home,4.92 (122)
232,Room in Greater Noida,$12Â night,"Metro Connected, Couple Friendly, Single Room",4.89 (19)
233,Apartment in Delhi,$42Â night,Step into the Delightful Bliss,4.92 (12)
